{
	"info": {
		"_postman_id": "95b18209-31c4-4e95-9e73-a0c20211db72",
		"name": "food_delivery",
		"schema": "https://schema.getpostman.com/json/collection/v2.1.0/collection.json"
	},
	"item": [
		{
			"name": "AppApi",
			"item": [
				{
					"name": "sign_up",
					"request": {
						"method": "POST",
						"header": [],
						"body": {
							"mode": "urlencoded",
							"urlencoded": [
								{
									"key": "name",
									"value": "test_user",
									"type": "default"
								},
								{
									"key": "mobile",
									"value": "9876543210",
									"type": "default"
								},
								{
									"key": "email",
									"value": "testuser1@gmail.com",
									"type": "default"
								},
								{
									"key": "password",
									"value": "123456",
									"type": "default"
								},
								{
									"key": "address",
									"value": "ST",
									"type": "default"
								},
								{
									"key": "device_type",
									"value": "I",
									"description": "I = iOS, A = Android",
									"type": "default"
								},
								{
									"key": "push_token",
									"value": "",
									"type": "default"
								}
							]
						},
						"url": {
							"raw": "http://localhost:3001/api/sign_up",
							"protocol": "http",
							"host": [
								"localhost"
							],
							"port": "3001",
							"path": [
								"api",
								"sign_up"
							]
						}
					},
					"response": []
				},
				{
					"name": "forgot_password_request",
					"request": {
						"method": "POST",
						"header": [],
						"body": {
							"mode": "urlencoded",
							"urlencoded": [
								{
									"key": "email",
									"value": "testuser1@gmail.com",
									"type": "default"
								}
							]
						},
						"url": {
							"raw": "http://localhost:3001/api/forgot_password_request",
							"protocol": "http",
							"host": [
								"localhost"
							],
							"port": "3001",
							"path": [
								"api",
								"forgot_password_request"
							]
						}
					},
					"response": []
				},
				{
					"name": "forgot_password_verify",
					"request": {
						"method": "POST",
						"header": [],
						"body": {
							"mode": "urlencoded",
							"urlencoded": [
								{
									"key": "email",
									"value": "testuser1@gmail.com",
									"type": "default"
								},
								{
									"key": "reset_code",
									"value": "",
									"type": "default"
								}
							]
						},
						"url": {
							"raw": "http://localhost:3001/api/forgot_password_verify",
							"protocol": "http",
							"host": [
								"localhost"
							],
							"port": "3001",
							"path": [
								"api",
								"forgot_password_verify"
							]
						}
					},
					"response": []
				},
				{
					"name": "forgot_password_set_new",
					"request": {
						"method": "POST",
						"header": [],
						"body": {
							"mode": "urlencoded",
							"urlencoded": [
								{
									"key": "user_id",
									"value": "2",
									"type": "default"
								},
								{
									"key": "reset_code",
									"value": "238422",
									"type": "default"
								},
								{
									"key": "new_password",
									"value": "12345678",
									"type": "default"
								}
							]
						},
						"url": {
							"raw": "http://localhost:3001/api/forgot_password_set_new",
							"protocol": "http",
							"host": [
								"localhost"
							],
							"port": "3001",
							"path": [
								"api",
								"forgot_password_set_new"
							]
						}
					},
					"response": []
				},
				{
					"name": "update_profile",
					"request": {
						"method": "POST",
						"header": [
							{
								"key": "access_token",
								"value": "VtRUGUbl5BgD4QZaVmr4",
								"type": "default"
							}
						],
						"body": {
							"mode": "urlencoded",
							"urlencoded": [
								{
									"key": "name",
									"value": "user1",
									"type": "default"
								},
								{
									"key": "mobile",
									"value": "9876543210",
									"type": "default"
								},
								{
									"key": "address",
									"value": "asd",
									"type": "default"
								}
							]
						},
						"url": {
							"raw": "http://localhost:3001/api/update_profile",
							"protocol": "http",
							"host": [
								"localhost"
							],
							"port": "3001",
							"path": [
								"api",
								"update_profile"
							]
						}
					},
					"response": []
				},
				{
					"name": "update_image",
					"request": {
						"method": "POST",
						"header": [
							{
								"key": "access_token",
								"value": "O7KQviEE8APVfpa5PVvX",
								"type": "default"
							}
						],
						"body": {
							"mode": "formdata",
							"formdata": [
								{
									"key": "image",
									"type": "file",
									"src": "/Users/CodeForAny/Desktop/CodeForAny/Flutter/food_delivery/assets/img/res_2.png"
								}
							]
						},
						"url": {
							"raw": "http://localhost:3001/api/update_image",
							"protocol": "http",
							"host": [
								"localhost"
							],
							"port": "3001",
							"path": [
								"api",
								"update_image"
							]
						}
					},
					"response": []
				}
			]
		},
		{
			"name": "AdminApi",
			"item": [
				{
					"name": "offer",
					"item": [
						{
							"name": "restaurant_offer_add",
							"request": {
								"method": "POST",
								"header": [
									{
										"key": "access_token",
										"value": "O7KQviEE8APVfpa5PVvX",
										"type": "default"
									}
								],
								"body": {
									"mode": "formdata",
									"formdata": [
										{
											"key": "name",
											"value": "Offer1",
											"type": "default"
										},
										{
											"key": "image",
											"type": "file",
											"src": "/Users/CodeForAny/Desktop/CodeForAny/Flutter/food_delivery/assets/img/res_1.png"
										},
										{
											"key": "restaurant_id",
											"value": "1",
											"type": "default"
										},
										{
											"key": "start_date",
											"value": "2023-07-03 12:00:00",
											"type": "default"
										},
										{
											"key": "end_date",
											"value": "2023-07-20 12:00:00",
											"type": "default"
										}
									]
								},
								"url": {
									"raw": "http://localhost:3001/api/admin/restaurant_offer_add",
									"protocol": "http",
									"host": [
										"localhost"
									],
									"port": "3001",
									"path": [
										"api",
										"admin",
										"restaurant_offer_add"
									]
								}
							},
							"response": []
						},
						{
							"name": "restaurant_offer_update",
							"request": {
								"method": "POST",
								"header": [
									{
										"key": "access_token",
										"value": "O7KQviEE8APVfpa5PVvX",
										"type": "default"
									}
								],
								"body": {
									"mode": "formdata",
									"formdata": [
										{
											"key": "name",
											"value": "Offer1",
											"type": "default"
										},
										{
											"key": "image",
											"type": "file",
											"src": "/Users/CodeForAny/Desktop/CodeForAny/Flutter/food_delivery/assets/img/res_1.png"
										},
										{
											"key": "restaurant_id",
											"value": "1",
											"type": "default"
										},
										{
											"key": "start_date",
											"value": "2023-07-03 12:00:00",
											"type": "default"
										},
										{
											"key": "end_date",
											"value": "2023-07-20 12:00:00",
											"type": "default"
										},
										{
											"key": "offer_id",
											"value": "1",
											"type": "default"
										}
									]
								},
								"url": {
									"raw": "http://localhost:3001/api/admin/restaurant_offer_update",
									"protocol": "http",
									"host": [
										"localhost"
									],
									"port": "3001",
									"path": [
										"api",
										"admin",
										"restaurant_offer_update"
									]
								}
							},
							"response": []
						},
						{
							"name": "restaurant_offer_list",
							"request": {
								"method": "POST",
								"header": [
									{
										"key": "access_token",
										"value": "O7KQviEE8APVfpa5PVvX",
										"type": "default"
									}
								],
								"body": {
									"mode": "urlencoded",
									"urlencoded": []
								},
								"url": {
									"raw": "http://localhost:3001/api/admin/restaurant_offer_list",
									"protocol": "http",
									"host": [
										"localhost"
									],
									"port": "3001",
									"path": [
										"api",
										"admin",
										"restaurant_offer_list"
									]
								}
							},
							"response": []
						},
						{
							"name": "restaurant_offer_active_inactive",
							"request": {
								"method": "POST",
								"header": [
									{
										"key": "access_token",
										"value": "O7KQviEE8APVfpa5PVvX",
										"type": "default"
									}
								],
								"body": {
									"mode": "urlencoded",
									"urlencoded": [
										{
											"key": "offer_id",
											"value": "1",
											"type": "default"
										},
										{
											"key": "is_active",
											"value": "0",
											"type": "default"
										}
									]
								},
								"url": {
									"raw": "http://localhost:3001/api/admin/restaurant_offer_active_inactive",
									"protocol": "http",
									"host": [
										"localhost"
									],
									"port": "3001",
									"path": [
										"api",
										"admin",
										"restaurant_offer_active_inactive"
									]
								}
							},
							"response": []
						},
						{
							"name": "restaurant_offer_delete",
							"request": {
								"method": "POST",
								"header": [
									{
										"key": "access_token",
										"value": "O7KQviEE8APVfpa5PVvX",
										"type": "default"
									}
								],
								"body": {
									"mode": "urlencoded",
									"urlencoded": [
										{
											"key": "offer_id",
											"value": "1",
											"type": "default"
										}
									]
								},
								"url": {
									"raw": "http://localhost:3001/api/admin/restaurant_offer_delete",
									"protocol": "http",
									"host": [
										"localhost"
									],
									"port": "3001",
									"path": [
										"api",
										"admin",
										"restaurant_offer_delete"
									]
								}
							},
							"response": []
						}
					]
				},
				{
					"name": "category",
					"item": [
						{
							"name": "category_add",
							"request": {
								"method": "POST",
								"header": [
									{
										"key": "access_token",
										"value": "O7KQviEE8APVfpa5PVvX",
										"type": "default"
									}
								],
								"body": {
									"mode": "formdata",
									"formdata": [
										{
											"key": "name",
											"value": "Offers",
											"type": "default"
										},
										{
											"key": "image",
											"type": "file",
											"src": "/Users/CodeForAny/Desktop/CodeForAny/Flutter/food_delivery/assets/img/cat_offer.png"
										}
									]
								},
								"url": {
									"raw": "http://localhost:3001/api/admin/category_add",
									"protocol": "http",
									"host": [
										"localhost"
									],
									"port": "3001",
									"path": [
										"api",
										"admin",
										"category_add"
									]
								}
							},
							"response": []
						},
						{
							"name": "category_update",
							"request": {
								"method": "POST",
								"header": [
									{
										"key": "access_token",
										"value": "O7KQviEE8APVfpa5PVvX",
										"type": "default"
									}
								],
								"body": {
									"mode": "formdata",
									"formdata": [
										{
											"key": "name",
											"value": "Offer1",
											"type": "default"
										},
										{
											"key": "image",
											"type": "file",
											"src": "/Users/CodeForAny/Desktop/CodeForAny/Flutter/food_delivery/assets/img/cat_offer.png"
										},
										{
											"key": "category_id",
											"value": "1",
											"type": "default"
										}
									]
								},
								"url": {
									"raw": "http://localhost:3001/api/admin/category_update",
									"protocol": "http",
									"host": [
										"localhost"
									],
									"port": "3001",
									"path": [
										"api",
										"admin",
										"category_update"
									]
								}
							},
							"response": []
						},
						{
							"name": "category_list",
							"request": {
								"method": "POST",
								"header": [
									{
										"key": "access_token",
										"value": "O7KQviEE8APVfpa5PVvX",
										"type": "default"
									}
								],
								"body": {
									"mode": "urlencoded",
									"urlencoded": []
								},
								"url": {
									"raw": "http://localhost:3001/api/admin/category_list",
									"protocol": "http",
									"host": [
										"localhost"
									],
									"port": "3001",
									"path": [
										"api",
										"admin",
										"category_list"
									]
								}
							},
							"response": []
						},
						{
							"name": "category_delete",
							"request": {
								"method": "POST",
								"header": [
									{
										"key": "access_token",
										"value": "O7KQviEE8APVfpa5PVvX",
										"type": "default"
									}
								],
								"body": {
									"mode": "urlencoded",
									"urlencoded": [
										{
											"key": "category_id",
											"value": "1",
											"type": "default"
										}
									]
								},
								"url": {
									"raw": "http://localhost:3001/api/admin/category_delete",
									"protocol": "http",
									"host": [
										"localhost"
									],
									"port": "3001",
									"path": [
										"api",
										"admin",
										"category_delete"
									]
								}
							},
							"response": []
						}
					]
				},
				{
					"name": "menu",
					"item": [
						{
							"name": "menu item",
							"item": [
								{
									"name": "portion",
									"item": [
										{
											"name": "portion_add",
											"request": {
												"method": "POST",
												"header": [
													{
														"key": "access_token",
														"value": "O7KQviEE8APVfpa5PVvX",
														"type": "default"
													}
												],
												"body": {
													"mode": "urlencoded",
													"urlencoded": [
														{
															"key": "name",
															"value": "big",
															"type": "default"
														},
														{
															"key": "addition_price",
															"value": "1",
															"type": "default"
														},
														{
															"key": "menu_item_id",
															"value": "1",
															"type": "default"
														}
													]
												},
												"url": {
													"raw": "http://localhost:3001/api/admin/portion_add",
													"protocol": "http",
													"host": [
														"localhost"
													],
													"port": "3001",
													"path": [
														"api",
														"admin",
														"portion_add"
													]
												}
											},
											"response": []
										},
										{
											"name": "portion_update",
											"request": {
												"method": "POST",
												"header": [
													{
														"key": "access_token",
														"value": "O7KQviEE8APVfpa5PVvX",
														"type": "default"
													}
												],
												"body": {
													"mode": "urlencoded",
													"urlencoded": [
														{
															"key": "name",
															"value": "small",
															"type": "text"
														},
														{
															"key": "addition_price",
															"value": "1",
															"type": "text"
														},
														{
															"key": "menu_item_id",
															"value": "1",
															"type": "text"
														},
														{
															"key": "portion_id",
															"value": "1",
															"type": "default"
														}
													]
												},
												"url": {
													"raw": "http://localhost:3001/api/admin/portion_update",
													"protocol": "http",
													"host": [
														"localhost"
													],
													"port": "3001",
													"path": [
														"api",
														"admin",
														"portion_update"
													]
												}
											},
											"response": []
										},
										{
											"name": "portion_delete",
											"request": {
												"method": "POST",
												"header": [
													{
														"key": "access_token",
														"value": "O7KQviEE8APVfpa5PVvX",
														"type": "default"
													}
												],
												"body": {
													"mode": "urlencoded",
													"urlencoded": [
														{
															"key": "portion_id",
															"value": "1",
															"type": "default"
														},
														{
															"key": "menu_item_id",
															"value": "1",
															"type": "default"
														}
													]
												},
												"url": {
													"raw": "http://localhost:3001/api/admin/portion_delete",
													"protocol": "http",
													"host": [
														"localhost"
													],
													"port": "3001",
													"path": [
														"api",
														"admin",
														"portion_delete"
													]
												}
											},
											"response": []
										},
										{
											"name": "portion_list",
											"request": {
												"method": "POST",
												"header": [
													{
														"key": "access_token",
														"value": "O7KQviEE8APVfpa5PVvX",
														"type": "default"
													}
												],
												"body": {
													"mode": "urlencoded",
													"urlencoded": [
														{
															"key": "menu_item_id",
															"value": "1",
															"type": "default"
														}
													]
												},
												"url": {
													"raw": "http://localhost:3001/api/admin/portion_list",
													"protocol": "http",
													"host": [
														"localhost"
													],
													"port": "3001",
													"path": [
														"api",
														"admin",
														"portion_list"
													]
												}
											},
											"response": []
										}
									]
								},
								{
									"name": "ingredient",
									"item": [
										{
											"name": "ingredient_add",
											"request": {
												"method": "POST",
												"header": [
													{
														"key": "access_token",
														"value": "O7KQviEE8APVfpa5PVvX",
														"type": "default"
													}
												],
												"body": {
													"mode": "urlencoded",
													"urlencoded": [
														{
															"key": "name",
															"value": "Extra Mayonnaise",
															"type": "default"
														},
														{
															"key": "addition_price",
															"value": "1",
															"type": "default"
														},
														{
															"key": "menu_item_id",
															"value": "1",
															"type": "default"
														}
													]
												},
												"url": {
													"raw": "http://localhost:3001/api/admin/ingredient_add",
													"protocol": "http",
													"host": [
														"localhost"
													],
													"port": "3001",
													"path": [
														"api",
														"admin",
														"ingredient_add"
													]
												}
											},
											"response": []
										},
										{
											"name": "ingredient_update",
											"request": {
												"method": "POST",
												"header": [
													{
														"key": "access_token",
														"value": "O7KQviEE8APVfpa5PVvX",
														"type": "default"
													}
												],
												"body": {
													"mode": "urlencoded",
													"urlencoded": [
														{
															"key": "name",
															"value": "Extra Mayonnaise",
															"type": "text"
														},
														{
															"key": "addition_price",
															"value": "2",
															"type": "text"
														},
														{
															"key": "menu_item_id",
															"value": "1",
															"type": "text"
														},
														{
															"key": "ingredient_id",
															"value": "1",
															"type": "default"
														}
													]
												},
												"url": {
													"raw": "http://localhost:3001/api/admin/ingredient_update",
													"protocol": "http",
													"host": [
														"localhost"
													],
													"port": "3001",
													"path": [
														"api",
														"admin",
														"ingredient_update"
													]
												}
											},
											"response": []
										},
										{
											"name": "ingredient_delete",
											"request": {
												"method": "POST",
												"header": [
													{
														"key": "access_token",
														"value": "O7KQviEE8APVfpa5PVvX",
														"type": "default"
													}
												],
												"body": {
													"mode": "urlencoded",
													"urlencoded": [
														{
															"key": "ingredient_id",
															"value": "1",
															"type": "default"
														},
														{
															"key": "menu_item_id",
															"value": "1",
															"type": "default"
														}
													]
												},
												"url": {
													"raw": "http://localhost:3001/api/admin/ingredient_delete",
													"protocol": "http",
													"host": [
														"localhost"
													],
													"port": "3001",
													"path": [
														"api",
														"admin",
														"ingredient_delete"
													]
												}
											},
											"response": []
										},
										{
											"name": "ingredient_list",
											"request": {
												"method": "POST",
												"header": [
													{
														"key": "access_token",
														"value": "O7KQviEE8APVfpa5PVvX",
														"type": "default"
													}
												],
												"body": {
													"mode": "urlencoded",
													"urlencoded": [
														{
															"key": "menu_item_id",
															"value": "1",
															"type": "default"
														}
													]
												},
												"url": {
													"raw": "http://localhost:3001/api/admin/ingredient_list",
													"protocol": "http",
													"host": [
														"localhost"
													],
													"port": "3001",
													"path": [
														"api",
														"admin",
														"ingredient_list"
													]
												}
											},
											"response": []
										}
									]
								},
								{
									"name": "menu_item_add",
									"request": {
										"method": "POST",
										"header": [
											{
												"key": "access_token",
												"value": "O7KQviEE8APVfpa5PVvX",
												"type": "default"
											}
										],
										"body": {
											"mode": "formdata",
											"formdata": [
												{
													"key": "name",
													"value": "French Apple Pie",
													"type": "default"
												},
												{
													"key": "image",
													"type": "file",
													"src": "/Users/CodeForAny/Desktop/CodeForAny/Flutter/food_delivery/assets/img/dess_1.png"
												},
												{
													"key": "menu_id",
													"value": "1",
													"type": "default"
												},
												{
													"key": "restaurant_id",
													"value": "1",
													"type": "default"
												},
												{
													"key": "category_id",
													"value": "1",
													"type": "default"
												},
												{
													"key": "food_type",
													"value": "Desserts",
													"type": "default"
												},
												{
													"key": "is_portion_allow",
													"value": "1",
													"type": "default"
												},
												{
													"key": "is_custom_ingredient_allow",
													"value": "1",
													"type": "default"
												},
												{
													"key": "description",
													"value": "description",
													"type": "default"
												},
												{
													"key": "base_price",
													"value": "15",
													"type": "default"
												}
											]
										},
										"url": {
											"raw": "http://localhost:3001/api/admin/menu_item_add",
											"protocol": "http",
											"host": [
												"localhost"
											],
											"port": "3001",
											"path": [
												"api",
												"admin",
												"menu_item_add"
											]
										}
									},
									"response": []
								},
								{
									"name": "menu_item_update",
									"request": {
										"method": "POST",
										"header": [
											{
												"key": "access_token",
												"value": "O7KQviEE8APVfpa5PVvX",
												"type": "default"
											}
										],
										"body": {
											"mode": "formdata",
											"formdata": [
												{
													"key": "name",
													"value": "Fudgy Chewy Brownies",
													"type": "text"
												},
												{
													"key": "menu_id",
													"value": "1",
													"type": "text"
												},
												{
													"key": "restaurant_id",
													"value": "1",
													"type": "text"
												},
												{
													"key": "category_id",
													"value": "1",
													"type": "text"
												},
												{
													"key": "food_type",
													"value": "Desserts",
													"type": "text"
												},
												{
													"key": "is_portion_allow",
													"value": "1",
													"type": "text"
												},
												{
													"key": "is_custom_ingredient_allow",
													"value": "1",
													"type": "text"
												},
												{
													"key": "description",
													"value": "description",
													"type": "text"
												},
												{
													"key": "base_price",
													"value": "15",
													"type": "text"
												},
												{
													"key": "image",
													"type": "file",
													"src": "/Users/CodeForAny/Desktop/CodeForAny/Flutter/food_delivery/assets/img/dess_3.png"
												},
												{
													"key": "menu_item_id",
													"value": "2",
													"type": "default"
												}
											]
										},
										"url": {
											"raw": "http://localhost:3001/api/admin/menu_item_update",
											"protocol": "http",
											"host": [
												"localhost"
											],
											"port": "3001",
											"path": [
												"api",
												"admin",
												"menu_item_update"
											]
										}
									},
									"response": []
								},
								{
									"name": "menu_item_list",
									"request": {
										"method": "POST",
										"header": [
											{
												"key": "access_token",
												"value": "O7KQviEE8APVfpa5PVvX",
												"type": "default"
											}
										],
										"body": {
											"mode": "urlencoded",
											"urlencoded": []
										},
										"url": {
											"raw": "http://localhost:3001/api/admin/menu_item_list",
											"protocol": "http",
											"host": [
												"localhost"
											],
											"port": "3001",
											"path": [
												"api",
												"admin",
												"menu_item_list"
											]
										}
									},
									"response": []
								},
								{
									"name": "menu_item_delete",
									"request": {
										"method": "POST",
										"header": [
											{
												"key": "access_token",
												"value": "O7KQviEE8APVfpa5PVvX",
												"type": "default"
											}
										],
										"body": {
											"mode": "urlencoded",
											"urlencoded": [
												{
													"key": "menu_item_id",
													"value": "1",
													"type": "default"
												},
												{
													"key": "restaurant_id",
													"value": "1",
													"type": "default"
												}
											]
										},
										"url": {
											"raw": "http://localhost:3001/api/admin/menu_item_delete",
											"protocol": "http",
											"host": [
												"localhost"
											],
											"port": "3001",
											"path": [
												"api",
												"admin",
												"menu_item_delete"
											]
										}
									},
									"response": []
								}
							]
						},
						{
							"name": "menu_add",
							"request": {
								"method": "POST",
								"header": [
									{
										"key": "access_token",
										"value": "O7KQviEE8APVfpa5PVvX",
										"type": "default"
									}
								],
								"body": {
									"mode": "formdata",
									"formdata": [
										{
											"key": "name",
											"value": "Promotions",
											"type": "default"
										},
										{
											"key": "image",
											"type": "file",
											"src": "/Users/CodeForAny/Desktop/CodeForAny/Flutter/food_delivery/assets/img/menu_4.png"
										}
									]
								},
								"url": {
									"raw": "http://localhost:3001/api/admin/menu_add",
									"protocol": "http",
									"host": [
										"localhost"
									],
									"port": "3001",
									"path": [
										"api",
										"admin",
										"menu_add"
									]
								}
							},
							"response": []
						},
						{
							"name": "menu_update",
							"request": {
								"method": "POST",
								"header": [
									{
										"key": "access_token",
										"value": "O7KQviEE8APVfpa5PVvX",
										"type": "default"
									}
								],
								"body": {
									"mode": "formdata",
									"formdata": [
										{
											"key": "name",
											"value": "Fast Food",
											"type": "default"
										},
										{
											"key": "image",
											"type": "file",
											"src": "/Users/CodeForAny/Desktop/CodeForAny/Flutter/food_delivery/assets/img/menu_1.png"
										},
										{
											"key": "menu_id",
											"value": "1",
											"type": "default"
										}
									]
								},
								"url": {
									"raw": "http://localhost:3001/api/admin/menu_update",
									"protocol": "http",
									"host": [
										"localhost"
									],
									"port": "3001",
									"path": [
										"api",
										"admin",
										"menu_update"
									]
								}
							},
							"response": []
						},
						{
							"name": "menu_list",
							"request": {
								"method": "POST",
								"header": [
									{
										"key": "access_token",
										"value": "O7KQviEE8APVfpa5PVvX",
										"type": "default"
									}
								],
								"body": {
									"mode": "urlencoded",
									"urlencoded": []
								},
								"url": {
									"raw": "http://localhost:3001/api/admin/menu_list",
									"protocol": "http",
									"host": [
										"localhost"
									],
									"port": "3001",
									"path": [
										"api",
										"admin",
										"menu_list"
									]
								}
							},
							"response": []
						},
						{
							"name": "menu_delete",
							"request": {
								"method": "POST",
								"header": [
									{
										"key": "access_token",
										"value": "O7KQviEE8APVfpa5PVvX",
										"type": "default"
									}
								],
								"body": {
									"mode": "urlencoded",
									"urlencoded": [
										{
											"key": "menu_id",
											"value": "1",
											"type": "default"
										}
									]
								},
								"url": {
									"raw": "http://localhost:3001/api/admin/menu_delete",
									"protocol": "http",
									"host": [
										"localhost"
									],
									"port": "3001",
									"path": [
										"api",
										"admin",
										"menu_delete"
									]
								}
							},
							"response": []
						}
					]
				},
				{
					"name": "about",
					"item": [
						{
							"name": "about_delete",
							"request": {
								"method": "POST",
								"header": [
									{
										"key": "access_token",
										"value": "O7KQviEE8APVfpa5PVvX",
										"type": "default"
									}
								],
								"body": {
									"mode": "urlencoded",
									"urlencoded": [
										{
											"key": "about_id",
											"value": "1",
											"type": "default"
										}
									]
								},
								"url": {
									"raw": "http://localhost:3001/api/admin/about_delete",
									"protocol": "http",
									"host": [
										"localhost"
									],
									"port": "3001",
									"path": [
										"api",
										"admin",
										"about_delete"
									]
								}
							},
							"response": []
						},
						{
							"name": "about_update",
							"request": {
								"method": "POST",
								"header": [
									{
										"key": "access_token",
										"value": "O7KQviEE8APVfpa5PVvX",
										"type": "default"
									}
								],
								"body": {
									"mode": "urlencoded",
									"urlencoded": [
										{
											"key": "about_id",
											"value": "1",
											"type": "default"
										},
										{
											"key": "detail",
											"value": "Line1",
											"type": "default"
										},
										{
											"key": "display_order",
											"value": "1",
											"type": "default"
										}
									]
								},
								"url": {
									"raw": "http://localhost:3001/api/admin/about_update",
									"protocol": "http",
									"host": [
										"localhost"
									],
									"port": "3001",
									"path": [
										"api",
										"admin",
										"about_update"
									]
								}
							},
							"response": []
						},
						{
							"name": "about_add",
							"request": {
								"method": "POST",
								"header": [
									{
										"key": "access_token",
										"value": "O7KQviEE8APVfpa5PVvX",
										"type": "default"
									}
								],
								"body": {
									"mode": "urlencoded",
									"urlencoded": [
										{
											"key": "detail",
											"value": "Line1",
											"type": "default"
										},
										{
											"key": "display_order",
											"value": "1",
											"type": "default"
										}
									]
								},
								"url": {
									"raw": "http://localhost:3001/api/admin/about_add",
									"protocol": "http",
									"host": [
										"localhost"
									],
									"port": "3001",
									"path": [
										"api",
										"admin",
										"about_add"
									]
								}
							},
							"response": []
						},
						{
							"name": "about_list",
							"request": {
								"method": "POST",
								"header": [
									{
										"key": "access_token",
										"value": "O7KQviEE8APVfpa5PVvX",
										"type": "default"
									}
								],
								"body": {
									"mode": "urlencoded",
									"urlencoded": []
								},
								"url": {
									"raw": "http://localhost:3001/api/admin/about_list",
									"protocol": "http",
									"host": [
										"localhost"
									],
									"port": "3001",
									"path": [
										"api",
										"admin",
										"about_list"
									]
								}
							},
							"response": []
						}
					]
				},
				{
					"name": "restaurant_add",
					"request": {
						"method": "POST",
						"header": [
							{
								"key": "access_token",
								"value": "O7KQviEE8APVfpa5PVvX",
								"type": "default"
							}
						],
						"body": {
							"mode": "formdata",
							"formdata": [
								{
									"key": "name",
									"value": "Minute by tuk tuk",
									"type": "default"
								},
								{
									"key": "image",
									"type": "file",
									"src": "/Users/CodeForAny/Desktop/CodeForAny/Flutter/food_delivery/assets/img/res_1.png"
								},
								{
									"key": "shop_type",
									"value": "Cafa",
									"type": "default"
								},
								{
									"key": "food_type",
									"value": "Western Food",
									"type": "default"
								},
								{
									"key": "address",
									"value": "4 Road",
									"type": "default"
								},
								{
									"key": "city",
									"value": "Surat",
									"type": "default"
								},
								{
									"key": "state",
									"value": "Gujarat",
									"type": "default"
								},
								{
									"key": "latitude",
									"value": "21.18097053697036",
									"type": "default"
								},
								{
									"key": "longitude",
									"value": "72.83328257789638",
									"type": "default"
								},
								{
									"key": "delivery_cost",
									"value": "3",
									"type": "default"
								}
							]
						},
						"url": {
							"raw": "http://localhost:3001/api/admin/restaurant_add",
							"protocol": "http",
							"host": [
								"localhost"
							],
							"port": "3001",
							"path": [
								"api",
								"admin",
								"restaurant_add"
							]
						}
					},
					"response": []
				},
				{
					"name": "restaurant_update",
					"request": {
						"method": "POST",
						"header": [
							{
								"key": "access_token",
								"value": "O7KQviEE8APVfpa5PVvX",
								"type": "default"
							}
						],
						"body": {
							"mode": "urlencoded",
							"urlencoded": [
								{
									"key": "restaurant_id",
									"value": "1",
									"type": "default"
								},
								{
									"key": "name",
									"value": "Minute by tuk tuk",
									"type": "text"
								},
								{
									"key": "shop_type",
									"value": "Cafa",
									"type": "text"
								},
								{
									"key": "food_type",
									"value": "Western Food",
									"type": "text"
								},
								{
									"key": "address",
									"value": "4 Road",
									"type": "text"
								},
								{
									"key": "city",
									"value": "Surat",
									"type": "text"
								},
								{
									"key": "state",
									"value": "Gujarat",
									"type": "text"
								},
								{
									"key": "latitude",
									"value": "21.18097053697036",
									"type": "text"
								},
								{
									"key": "longitude",
									"value": "72.83328257789638",
									"type": "text"
								},
								{
									"key": "delivery_cost",
									"value": "3",
									"type": "text"
								}
							]
						},
						"url": {
							"raw": "http://localhost:3001/api/admin/restaurant_update",
							"protocol": "http",
							"host": [
								"localhost"
							],
							"port": "3001",
							"path": [
								"api",
								"admin",
								"restaurant_update"
							]
						}
					},
					"response": []
				},
				{
					"name": "restaurant_update_image",
					"request": {
						"method": "POST",
						"header": [
							{
								"key": "access_token",
								"value": "O7KQviEE8APVfpa5PVvX",
								"type": "default"
							}
						],
						"body": {
							"mode": "formdata",
							"formdata": [
								{
									"key": "restaurant_id",
									"value": "1",
									"type": "default"
								},
								{
									"key": "image",
									"type": "file",
									"src": "/Users/CodeForAny/Desktop/CodeForAny/Flutter/food_delivery/assets/img/res_2.png"
								}
							]
						},
						"url": {
							"raw": "http://localhost:3001/api/admin/restaurant_update_image",
							"protocol": "http",
							"host": [
								"localhost"
							],
							"port": "3001",
							"path": [
								"api",
								"admin",
								"restaurant_update_image"
							]
						}
					},
					"response": []
				},
				{
					"name": "restaurant_list",
					"request": {
						"method": "POST",
						"header": [
							{
								"key": "access_token",
								"value": "O7KQviEE8APVfpa5PVvX",
								"type": "default"
							}
						],
						"body": {
							"mode": "urlencoded",
							"urlencoded": []
						},
						"url": {
							"raw": "http://localhost:3001/api/admin/restaurant_list",
							"protocol": "http",
							"host": [
								"localhost"
							],
							"port": "3001",
							"path": [
								"api",
								"admin",
								"restaurant_list"
							]
						}
					},
					"response": []
				},
				{
					"name": "restaurant_delete",
					"request": {
						"method": "POST",
						"header": [
							{
								"key": "access_token",
								"value": "O7KQviEE8APVfpa5PVvX",
								"type": "default"
							}
						],
						"body": {
							"mode": "urlencoded",
							"urlencoded": [
								{
									"key": "restaurant_id",
									"value": "1",
									"type": "default"
								}
							]
						},
						"url": {
							"raw": "http://localhost:3001/api/admin/restaurant_delete",
							"protocol": "http",
							"host": [
								"localhost"
							],
							"port": "3001",
							"path": [
								"api",
								"admin",
								"restaurant_delete"
							]
						}
					},
					"response": []
				}
			]
		},
		{
			"name": "login",
			"request": {
				"method": "POST",
				"header": [],
				"body": {
					"mode": "urlencoded",
					"urlencoded": [
						{
							"key": "email",
							"value": "test@gmail.com",
							"type": "default"
						},
						{
							"key": "password",
							"value": "123456",
							"type": "default"
						},
						{
							"key": "push_token",
							"value": "",
							"type": "default"
						}
					]
				},
				"url": {
					"raw": "http://localhost:3001/api/login",
					"protocol": "http",
					"host": [
						"localhost"
					],
					"port": "3001",
					"path": [
						"api",
						"login"
					]
				}
			},
			"response": []
		}
	]
}